student_id,Gender,year,attendance,assignments,tests,mid_sem_exam,final_exam
stu0001,M,2020,4,7,9,11,39
stu0002,M,2020,4,4,4,5,33
stu0003,F,2020,4,8,7,10,36
stu0004,M,2020,2,6,7,11,35
stu0005,M,2020,3,8,7,9,34
stu0006,M,2020,4,5,4,8,29
stu0007,M,2020,4,4,4,4,26
stu0008,M,2020,2,5,6,7,36
stu0009,M,2020,4,4,5,5,27
stu0010,M,2020,4,6,6,11,34
stu0011,M,2020,4,5,7,9,36
stu0012,M,2020,4,5,5,8,33
stu0013,M,2020,4,8,7,8,0
stu0014,M,2020,4,6,8,8,40
stu0015,M,2020,4,6,7,7,38
stu0016,M,2020,3,6,8,7,38
stu0017,M,2020,4,6,7,7,31
stu0018,F,2020,0,0,0,0,0
stu0019,M,2020,3,4,5,6,17
stu0020,M,2020,3,6,6,6,35
stu0021,F,2020,4,6,5,10,30
stu0022,F,2020,4,6,5,9,44
stu0023,F,2020,3,8,5,12,39
stu0024,M,2020,0,8,8,11,0
stu0025,M,2020,5,7,7,6,35
stu0026,F,2020,4,5,7,11,38
stu0027,F,2020,3,4,9,8,33
stu0028,F,2020,3,5,6,8,0
stu0029,F,2020,0,4,6,8,22
stu0030,M,2020,4,6,5,8,37
stu0031,F,2020,3,6,8,8,37
stu0032,M,2020,4,6,2,8,37
stu0033,M,2020,4,6,6,5,35
stu0034,M,2020,4,6,8,8,44
stu0035,M,2020,4,5,2,5,31
stu0036,F,2020,3,6,8,9,35
stu0037,M,2020,4,8,7,14,37
stu0038,M,2020,0,8,9,13,37
stu0039,F,2020,3,5,6,9,42
stu0040,M,2020,3,2,2,2,31
stu0041,F,2020,3,6,8,10,45
stu0042,F,2020,3,7,2,9,15
stu0043,M,2020,0,8,8,9,36
stu0044,M,2020,0,0,0,0,0
stu0045,M,2020,0,0,0,0,0
stu0046,M,2020,0,0,0,0,0
stu0047,F,2020,0,0,0,0,0
stu0048,M,2020,0,0,0,0,0
stu0049,F,2020,0,0,0,0,0
stu0050,M,2020,0,0,0,0,0
stu0051,F,2021,4,6,8,13,29
stu0052,M,2021,3,8,7,10,0
stu0053,F,2021,4,8,7,11,30
stu0054,F,2021,4,6,7,12,26
stu0055,M,2021,4,8,7,12,24
stu0056,F,2021,4,8,8,13,42
stu0057,M,2021,4,6,6,12,42
stu0058,F,2021,3,6,8,13,41
stu0059,M,2021,4,6,7,10,26
stu0060,M,2021,3,8,8,11,36
stu0061,M,2021,4,7,8,12,24
stu0062,F,2021,3,6,6,13,44
stu0063,F,2021,4,8,9,12,0
stu0064,F,2021,3,7,5,13,34
stu0065,F,2021,4,8,8,13,42
stu0066,M,2021,4,9,8,12,47
stu0067,F,2021,4,5,9,11,32
stu0068,M,2021,3,6,7,10,29
stu0069,M,2021,4,5,7,12,0
stu0070,M,2021,4,5,5,13,23
stu0071,F,2021,4,4,6,12,36
stu0072,F,2021,3,2,5,11,0
stu0073,F,2021,4,7,4,10,27
stu0074,M,2021,3,8,8,13,40
stu0075,F,2021,4,6,6,12,27
stu0076,M,2021,3,5,6,13,28
stu0077,M,2021,4,7,6,13,25
stu0078,F,2021,3,3,6,12,21
stu0079,M,2021,4,5,5,12,0
stu0080,F,2021,3,8,6,11,40
stu0081,M,2021,4,6,5,10,28
stu0082,M,2021,3,6,7,11,24
stu0083,M,2021,4,7,5,11,35
stu0084,F,2021,3,7,7,12,27
stu0085,F,2021,4,7,6,13,20
stu0086,F,2021,3,9,8,12,43
stu0087,F,2021,4,7,7,11,36
stu0088,F,2021,3,5,8,10,35
stu0089,F,2021,4,7,7,11,44
stu0090,F,2021,3,5,5,13,22
stu0091,F,2021,4,2,5,12,29
stu0092,F,2021,3,6,9,12,38
stu0093,F,2021,4,6,4,10,0
stu0094,F,2021,3,7,8,11,27
stu0095,M,2021,4,7,0,12,0
stu0096,F,2021,3,7,8,13,43
stu0097,F,2021,4,7,8,13,42
stu0098,M,2021,3,3,6,13,0
stu0099,M,2021,4,6,6,21,14
stu0100,M,2021,3,2,5,13,0
stu0101,F,2021,4,5,6,13,28
stu0102,M,2021,3,4,6,12,15
stu0103,M,2021,4,6,4,11,42
stu0104,M,2021,3,9,0,10,35
stu0105,M,2021,4,9,9,12,48
stu0106,F,2021,3,5,4,12,37
stu0107,M,2021,4,8,5,13,23
stu0108,F,2021,3,7,9,10,44
stu0109,M,2021,4,5,6,12,0
stu0110,M,2021,3,5,7,11,26
stu0111,M,2021,4,4,6,13,0
stu0112,M,2021,3,6,4,11,37
stu0113,M,2021,4,4,7,12,30
stu0114,F,2021,3,4,3,10,0
stu0115,F,2021,4,5,8,13,35
stu0116,M,2021,3,8,7,12,35
stu0117,M,2021,4,6,7,11,42
stu0118,M,2021,3,2,5,12,0
stu0119,M,2021,4,8,8,13,22
stu0120,F,2021,3,5,3,12,17
stu0121,F,2021,4,5,7,13,0
stu0122,M,2021,3,8,0,12,37
stu0123,M,2021,4,6,7,12,27
stu0124,M,2021,3,4,8,11,29
stu0125,F,2021,4,7,8,11,42
stu0126,F,2021,3,7,5,10,45
stu0127,F,2021,4,8,7,11,35
stu0128,M,2021,3,9,6,13,34
stu0129,F,2021,4,6,5,7,34
stu0130,M,2021,3,4,7,13,43
stu0131,F,2021,4,7,9,12,38
stu0132,F,2021,3,3,6,12,0
stu0133,M,2021,4,8,9,13,33
stu0134,M,2021,3,4,5,13,35
stu0135,M,2021,4,8,5,13,40
stu0136,F,2021,3,9,5,12,41
stu0137,M,2021,4,7,6,12,51
stu0138,M,2021,0,0,0,0,0
stu0139,F,2021,4,6,7,12,22
stu0140,M,2021,3,5,6,10,21
stu0141,M,2021,4,3,6,12,30
stu0142,F,2021,3,7,8,12,35
stu0143,M,2021,4,6,6,13,26
stu0144,M,2021,4,6,6,12,27
stu0145,M,2021,4,6,5,12,33
stu0146,F,2021,3,7,6,13,32
stu0147,M,2021,4,8,7,10,36
stu0148,F,2021,3,5,5,12,27
stu0149,F,2021,4,0,7,13,36
stu0150,F,2021,3,2,5,12,23
stu0151,F,2021,0,0,0,0,0
stu0152,M,2021,0,0,0,0,0
stu0153,F,2021,4,5,6,13,42
stu0154,F,2021,3,7,9,12,35
stu0155,M,2021,4,6,7,13,26
stu0156,F,2021,3,7,6,12,48
stu0157,M,2021,4,8,9,11,35
stu0158,F,2021,3,8,7,11,29
stu0159,M,2021,4,8,7,10,47
stu0160,F,2021,3,6,7,10,39
stu0161,M,2021,4,4,7,12,0
stu0162,M,2021,4,6,8,13,41
stu0163,F,2021,3,6,5,12,25
stu0164,F,2021,4,7,7,13,39
stu0165,F,2021,3,7,8,11,43
stu0166,M,2021,4,3,7,10,44
stu0167,F,2021,3,0,0,12,32
stu0168,M,2021,4,8,7,13,43
stu0169,M,2021,3,8,7,11,34
stu0170,F,2021,4,8,8,10,45
stu0171,M,2021,3,9,8,13,29
stu0172,F,2021,4,6,8,12,45
stu0173,M,2021,3,5,3,12,0
stu0174,F,2021,4,6,7,11,34
stu0175,F,2021,3,6,6,11,35
stu0176,F,2021,4,9,5,13,32
stu0177,F,2021,3,6,7,11,29
stu0178,F,2021,0,0,0,0,0
stu0179,F,2021,3,6,8,13,0
stu0180,M,2021,4,6,0,13,0
stu0181,F,2021,3,6,6,12,43
stu0182,F,2021,4,7,6,12,26
stu0183,F,2021,3,6,6,13,32
stu0184,M,2021,4,6,7,10,0
stu0185,M,2021,3,8,8,12,41
stu0186,M,2021,4,8,7,12,0
stu0187,F,2021,3,6,9,11,36
stu0188,F,2021,4,6,5,12,38
stu0189,F,2021,3,7,8,11,0
stu0190,F,2021,4,7,4,10,40
stu0191,F,2021,3,8,6,12,32
stu0192,F,2021,4,8,7,13,23
stu0193,F,2021,3,6,6,12,28
stu0194,M,2021,4,7,7,13,35
stu0195,F,2021,3,6,8,12,33
stu0196,F,2021,4,7,8,13,38
stu0197,F,2021,3,8,8,12,45
stu0198,M,2021,4,4,6,13,29
stu0199,M,2021,3,6,8,11,32
stu0200,M,2021,4,0,0,10,0
stu0201,F,2021,3,8,6,10,45
stu0202,M,2021,4,7,7,11,47
stu0203,M,2021,3,7,8,11,41
stu0204,F,2021,4,7,9,11,40
stu0205,F,2021,3,9,4,12,14
stu0206,F,2021,4,5,6,13,39
stu0207,F,2021,3,6,6,12,24
stu0208,F,2021,4,4,4,13,25
stu0209,F,2021,3,5,4,12,25
stu0210,M,2021,4,6,8,13,34
stu0211,M,2021,3,7,8,12,32
stu0212,F,2021,4,5,7,13,41
stu0213,F,2021,3,7,5,12,34
stu0214,M,2021,4,7,7,12,25
stu0215,M,2021,3,4,8,12,38
stu0216,M,2021,4,6,6,13,26
stu0217,F,2021,3,7,5,11,31
stu0218,M,2021,4,5,6,11,20
stu0219,F,2021,3,7,6,13,41
stu0220,M,2021,4,3,6,12,34
stu0221,F,2021,3,3,0,11,0
stu0222,F,2021,4,5,5,10,38
stu0223,F,2021,3,4,6,10,27
stu0224,F,2021,4,4,8,13,36
stu0225,F,2021,3,7,7,12,26
stu0226,F,2021,4,3,6,12,31
stu0227,F,2021,3,5,7,13,27
stu0228,F,2021,4,5,3,11,27
stu0229,F,2021,3,3,6,10,18
stu0230,M,2021,4,8,5,12,36
stu0231,F,2021,3,8,9,13,47
stu0232,M,2021,4,6,7,12,0
stu0233,F,2021,3,8,7,13,40
stu0234,F,2021,4,4,8,12,0
stu0235,M,2021,3,4,4,13,0
stu0236,F,2021,4,7,8,12,30
stu0237,M,2021,3,7,3,13,31
stu0238,F,2021,3,6,9,12,38
stu0239,M,2021,4,4,6,11,25
stu0240,M,2021,3,6,7,10,34
stu0241,F,2021,4,0,4,11,0
stu0242,M,2021,3,7,8,10,42
stu0243,M,2021,4,8,8,12,38
stu0244,M,2021,3,7,7,13,37
stu0245,M,2021,4,3,7,12,20
stu0246,M,2021,3,8,8,13,31
stu0247,M,2021,4,4,4,13,26
stu0248,M,2021,3,8,7,12,45
stu0249,M,2021,4,8,6,12,30
stu0250,M,2021,3,8,7,11,46
stu0251,M,2021,4,8,7,10,23
stu0252,M,2021,3,9,7,11,47
stu0253,M,2021,4,8,6,12,34
stu0254,M,2021,3,7,7,13,42
stu0255,M,2021,4,7,4,12,30
stu0256,M,2021,3,8,0,12,0
stu0257,M,2021,4,8,7,13,28
stu0258,F,2021,3,7,7,12,34
stu0259,M,2021,4,6,7,13,26
stu0260,M,2021,3,0,3,12,23
stu0261,F,2021,4,8,8,13,42
stu0262,M,2021,3,6,6,12,39
stu0263,M,2021,4,9,8,13,46
stu0264,F,2021,3,4,5,11,36
stu0265,M,2021,4,6,7,12,30
stu0266,M,2021,3,5,6,11,0
stu0267,M,2021,4,7,8,12,49
stu0268,F,2021,3,7,7,12,26
stu0269,F,2021,4,3,8,13,0
stu0270,F,2021,3,8,7,12,32
stu0271,F,2021,4,7,6,11,33
stu0272,M,2021,3,6,0,10,41
stu0273,M,2021,4,7,1,11,27
stu0274,M,2021,3,6,7,10,34
stu0275,M,2021,0,0,0,0,0
stu0276,M,2021,3,6,8,13,30
stu0277,M,2021,4,5,4,12,0
stu0278,F,2021,3,6,8,13,32
stu0279,M,2021,4,7,7,11,26
stu0280,F,2021,3,7,5,12,0
stu0281,F,2021,4,7,7,11,26
stu0282,M,2021,3,7,7,12,26
stu0283,F,2021,4,8,8,13,42
stu0284,F,2021,3,6,6,12,45
stu0285,M,2021,4,6,8,13,41
stu0286,M,2021,3,8,6,12,41
stu0287,M,2021,4,7,8,11,42
stu0288,M,2021,3,9,5,13,42
stu0289,M,2021,4,7,7,12,37
stu0290,F,2021,0,0,0,0,0
stu0291,F,2021,4,5,7,13,28
stu0292,M,2021,3,6,6,12,33
stu0293,M,2021,0,0,0,0,0
stu0294,M,2021,3,6,8,10,46
stu0295,M,2021,4,7,9,10,43
stu0296,M,2021,3,5,6,11,31
stu0297,F,2021,4,6,6,11,0
stu0298,F,2021,3,5,7,12,25
stu0299,M,2021,3,7,8,13,25
stu0300,M,2021,0,0,0,0,0
stu0301,F,2021,3,5,7,12,23
stu0302,M,2021,4,7,6,13,25
stu0303,F,2021,3,7,8,10,47
stu0304,M,2021,4,8,9,11,0
stu0305,F,2021,3,6,9,12,36
stu0306,M,2021,4,3,7,13,28
stu0307,F,2021,3,5,7,12,35
stu0308,F,2021,4,6,4,1,0
stu0309,F,2021,3,6,9,13,44
stu0310,F,2021,4,3,6,12,0
stu0311,F,2021,3,6,6,11,24
stu0312,F,2021,4,7,9,10,30
stu0313,M,2021,3,6,4,11,16
stu0314,M,2021,4,6,8,13,30
stu0315,M,2021,3,6,7,12,28
stu0316,M,2021,4,6,5,12,18
stu0317,M,2021,3,6,7,13,0
stu0318,M,2021,4,8,5,11,12
stu0319,M,2021,3,6,7,10,30
stu0320,M,2021,4,8,7,10,47
stu0321,M,2021,3,7,8,10,27
stu0322,M,2021,4,7,6,12,0
stu0323,M,2021,3,7,8,11,41
stu0324,M,2021,4,6,7,11,43
stu0325,M,2021,3,6,6,13,32
stu0326,M,2021,4,7,9,12,31
stu0327,F,2021,3,7,6,13,32
stu0328,F,2021,4,8,8,13,39
stu0329,M,2021,3,8,9,12,30
stu0330,M,2021,4,5,6,11,35
stu0331,M,2021,3,3,7,11,36
stu0332,F,2021,4,7,7,12,45
stu0333,M,2021,3,6,9,12,41
stu0334,M,2021,4,4,8,13,0
stu0335,F,2021,3,3,3,13,0
stu0336,M,2021,4,7,6,12,38
stu0337,F,2021,3,7,8,12,36
stu0338,M,2021,4,6,7,13,39
stu0339,F,2021,3,8,9,12,42
stu0340,M,2021,4,8,6,11,36
stu0341,M,2021,3,7,8,10,43
stu0342,M,2021,4,7,5,12,23
stu0343,M,2021,3,7,8,10,48
stu0344,M,2021,4,4,7,11,39
stu0345,M,2021,3,5,6,11,28
stu0346,M,2021,4,9,8,12,36
stu0347,M,2021,4,9,7,13,47
stu0348,F,2021,3,3,7,12,32
stu0349,F,2021,3,8,9,13,45
stu0350,M,2021,4,6,5,12,24
stu0351,F,2021,3,5,6,11,30
stu0352,F,2021,4,6,9,11,0
stu0353,F,2021,4,8,9,12,50
stu0354,F,2021,3,4,0,13,0
stu0355,F,2021,3,3,5,10,29
stu0356,M,2021,4,6,5,10,30
stu0357,F,2021,3,9,8,12,0
stu0358,M,2021,4,8,7,13,29
stu0359,F,2021,3,7,9,12,39
stu0360,M,2021,0,0,0,0,0
stu0361,F,2021,3,7,7,2,0
stu0362,F,2021,4,3,6,12,0
stu0363,M,2021,3,6,7,13,23
stu0364,M,2021,4,3,7,11,30
stu0365,M,2021,3,6,7,11,28
stu0366,M,2021,4,7,8,10,0
stu0367,F,2021,3,7,9,10,26
stu0368,F,2021,4,6,6,13,0
stu0369,F,2021,3,8,8,13,29
stu0370,M,2021,4,6,7,12,41
stu0371,M,2021,3,4,3,13,38
stu0372,M,2021,4,6,9,12,39
stu0373,F,2021,3,6,6,11,0
stu0374,F,2021,4,7,8,10,22
stu0375,M,2023,4,10,8,13,35
stu0376,M,2023,3,9,5,12,33
stu0377,F,2023,5,9,8,13,40
stu0378,F,2023,3,9,5,14,39
stu0379,M,2023,5,9,6,14,41
stu0380,F,2023,3,9,5,13,50
stu0381,F,2023,3,7,5,12,34
stu0382,M,2023,4,9,7,13,37
stu0383,M,2023,4,9,7,9,46
stu0384,F,2023,4,9,6,9,27
stu0385,F,2023,4,9,4,10,23
stu0386,F,2023,3,9,6,13,40
stu0387,F,2023,3,10,5,9,48
stu0388,F,2023,3,9,6,6,17
stu0389,F,2023,4,9,4,13,42
stu0390,F,2023,4,10,8,11,32
stu0391,F,2023,3,10,4,13,46
stu0392,F,2023,3,9,8,13,29
stu0393,M,2023,3,10,7,6,34
stu0394,F,2023,3,9,9,13,51
stu0395,M,2023,4,9,7,14,46
stu0396,M,2023,3,7,7,13,46
stu0397,F,2023,3,9,6,8,29
stu0398,M,2023,4,8,6,9,33
stu0399,M,2023,5,9,9,5,27
stu0400,F,2023,4,7,6,6,27
stu0401,F,2023,3,9,6,13,39
stu0402,F,2023,3,8,5,4,23
stu0403,F,2023,3,10,5,5,46
stu0404,M,2023,3,10,5,13,40
stu0405,F,2023,3,9,8,6,24
stu0406,F,2023,5,10,7,11,47
stu0407,F,2023,4,9,5,13,15
stu0408,F,2023,3,10,3,13,34
stu0409,F,2023,4,10,10,12,31
stu0410,F,2023,3,10,8,13,41
stu0411,F,2023,3,9,4,9,41
stu0412,F,2023,3,8,8,5,36
stu0413,F,2023,2,10,4,7,21
stu0414,F,2023,3,9,5,6,36
stu0415,F,2023,3,9,3,12,24
stu0416,F,2023,3,9,7,13,30
stu0417,F,2023,3,10,9,13,24
stu0418,F,2023,3,10,10,13,35
stu0419,F,2023,3,9,5,12,28
stu0420,F,2023,3,9,6,12,29
stu0421,F,2023,3,9,8,13,27
stu0422,F,2023,3,10,6,9,40
stu0423,F,2023,3,10,4,13,25
stu0424,F,2023,2,10,7,6,27
stu0425,M,2023,4,10,6,10,32
stu0426,M,2023,0,0,0,0,0
stu0427,M,2023,1,10,7,8,31
stu0428,M,2023,4,8,9,11,33
stu0429,F,2023,3,10,10,13,26
stu0430,F,2023,3,9,7,13,32
stu0431,F,2023,3,9,7,12,37
stu0432,M,2023,3,9,7,14,46
stu0433,M,2023,3,10,5,13,35
stu0434,M,2023,0,9,0,8,27
stu0435,M,2023,3,9,5,9,37
stu0436,M,2023,4,8,6,13,27
stu0437,M,2023,3,10,6,12,39
stu0438,M,2023,2,10,6,6,26
stu0439,F,2023,2,9,4,13,20
stu0440,F,2023,3,8,10,9,29
stu0441,M,2023,4,10,7,13,36
stu0442,M,2023,4,10,6,13,23
stu0443,F,2023,5,10,10,8,39
stu0444,M,2023,4,10,6,12,32
stu0445,M,2023,4,9,6,13,58
stu0446,M,2023,3,9,7,3,43
stu0447,M,2023,3,10,8,13,33
stu0448,F,2023,5,10,7,14,41
stu0449,M,2023,3,8,2,4,44
stu0450,M,2023,3,9,5,6,27
stu0451,F,2023,3,10,5,5,35
stu0452,F,2023,3,8,5,5,44
stu0453,F,2023,3,9,5,13,23
stu0454,F,2023,4,10,7,6,28
stu0455,M,2023,3,10,6,6,39
stu0456,F,2023,3,9,9,10,22
stu0457,M,2023,3,10,7,10,48
stu0458,F,2023,3,9,5,5,39
stu0459,M,2023,3,10,6,13,48
stu0460,M,2023,3,9,3,14,39
stu0461,M,2023,4,10,7,13,39
stu0462,F,2023,4,10,6,13,22
stu0463,M,2023,3,10,8,13,46
stu0464,F,2023,2,9,2,7,36
stu0465,F,2023,4,10,8,13,25
stu0466,F,2023,4,10,7,10,34
stu0467,M,2023,5,10,10,8,43
stu0468,M,2023,0,5,0,0,21
stu0469,F,2023,3,10,5,13,24
stu0470,F,2023,4,8,8,5,32
stu0471,F,2023,3,10,7,10,43
stu0472,F,2023,3,9,7,13,22
stu0473,F,2023,3,10,8,12,53
stu0474,F,2023,4,8,5,6,23
stu0475,F,2023,3,9,5,7,24
stu0476,M,2023,4,9,9,13,32
stu0477,F,2023,3,9,6,6,21
stu0478,F,2023,4,10,10,13,29
stu0479,F,2023,4,10,6,13,17
stu0480,F,2023,5,9,10,6,48
stu0481,F,2023,3,9,5,14,45
stu0482,F,2023,3,10,5,14,36
stu0483,M,2023,3,10,6,13,37
stu0484,M,2023,3,10,5,13,41
stu0485,M,2023,3,10,7,12,25
stu0486,M,2023,3,9,6,12,27
stu0487,F,2023,2,10,4,8,29
stu0488,F,2023,3,9,10,7,25
stu0489,F,2023,3,10,8,9,50
stu0490,F,2023,3,9,6,11,22
stu0491,F,2023,3,9,6,13,34
stu0492,F,2023,4,14,7,13,27
stu0493,F,2023,4,10,7,12,50
stu0494,F,2023,3,9,7,9,43
stu0495,F,2023,3,10,4,10,29
stu0496,F,2023,4,10,8,10,28
stu0497,M,2023,3,10,5,10,22
stu0498,M,2023,4,7,6,6,42
stu0499,F,2023,4,9,7,5,40
stu0500,F,2023,3,10,6,13,35
stu0501,F,2023,3,9,6,8,31
stu0502,M,2023,4,9,3,10,49
stu0503,M,2023,4,10,7,6,38
stu0504,M,2023,2,10,6,6,27
stu0505,M,2023,3,10,5,10,22
stu0506,M,2023,3,10,7,9,53
stu0507,M,2023,4,10,6,13,47
stu0508,M,2023,0,0,0,0,0
stu0509,M,2023,5,8,6,9,34
stu0510,M,2023,5,9,10,9,34
stu0511,F,2023,4,10,8,10,23
stu0512,M,2023,4,8,7,4,22
stu0513,M,2023,4,10,7,10,44
stu0514,M,2023,4,9,3,10,20
stu0515,M,2023,2,10,4,10,0
stu0516,M,2023,4,10,5,14,43
stu0517,M,2023,3,9,6,9,39
stu0518,F,2023,4,9,7,7,19
stu0519,M,2023,3,10,4,10,23
stu0520,F,2023,3,10,9,13,45
stu0521,M,2023,3,10,8,10,31
stu0522,M,2023,3,9,5,14,34
stu0523,F,2023,4,10,5,10,42
stu0524,F,2023,3,10,5,9,19
stu0525,M,2023,5,9,8,13,45
stu0526,M,2023,5,10,9,14,42
stu0527,F,2023,4,10,8,9,29
stu0528,F,2023,2,10,4,12,17
stu0529,F,2023,4,10,4,8,20
stu0530,F,2023,3,9,4,9,31
stu0531,F,2023,4,7,9,11,29
stu0532,F,2023,5,10,9,9,41
stu0533,M,2023,4,10,5,8,46
stu0534,M,2023,4,10,6,3,34
stu0535,F,2023,3,10,10,13,29
stu0536,M,2023,4,9,7,6,29
stu0537,M,2023,3,9,7,8,38
stu0538,M,2023,4,9,6,7,24
stu0539,M,2023,3,9,6,9,18
stu0540,F,2023,4,10,8,10,33
stu0541,M,2023,3,5,9,0,34
stu0542,M,2023,4,10,8,14,39
stu0543,M,2023,3,9,8,13,28
stu0544,M,2023,4,10,9,13,20
stu0545,F,2023,4,9,10,12,41
stu0546,M,2023,3,9,7,10,47
stu0547,F,2023,3,8,5,3,44
stu0548,M,2023,3,8,8,2,46
stu0549,M,2023,4,10,7,8,47
stu0550,F,2023,4,10,9,9,38
stu0551,M,2023,3,10,4,13,20
stu0552,F,2023,4,10,10,13,43
stu0553,F,2023,3,10,8,10,29
stu0554,M,2023,4,10,5,13,43
stu0555,M,2023,4,9,8,13,21
stu0556,F,2023,4,10,5,12,19
stu0557,F,2023,4,8,10,6,19
stu0558,M,2023,3,10,6,10,22
stu0559,F,2023,4,10,7,12,34
stu0560,F,2023,3,10,6,13,38
stu0561,M,2023,5,9,5,14,43
stu0562,M,2023,2,9,5,9,30
stu0563,F,2023,4,9,5,7,55
stu0564,M,2023,3,9,4,6,38
stu0565,M,2023,4,10,3,14,34
stu0566,M,2023,3,8,8,6,36
stu0567,M,2023,0,0,0,0,24
stu0568,M,2023,4,10,5,10,46
stu0569,F,2023,3,10,6,9,24
stu0570,M,2023,3,10,8,10,24
stu0571,M,2023,4,9,7,8,37
stu0572,M,2023,4,10,7,13,41
stu0573,F,2023,5,9,9,9,33
stu0574,M,2023,4,10,6,5,30
stu0575,F,2023,4,10,5,13,28
stu0576,F,2023,4,9,7,9,26
stu0577,M,2023,4,10,7,13,46
stu0578,F,2023,4,9,3,7,37
stu0579,F,2023,4,10,5,10,31
stu0580,M,2023,3,10,6,14,27
stu0581,F,2023,4,10,7,9,37
stu0582,F,2023,4,9,8,12,37
stu0583,F,2023,5,10,10,14,36
stu0584,F,2023,3,10,6,6,21
stu0585,F,2023,5,10,6,13,27
stu0586,F,2023,4,9,6,6,35
stu0587,F,2023,4,9,5,6,28
stu0588,F,2023,4,9,5,5,42
stu0589,M,2023,5,10,6,3,33
stu0590,F,2023,4,8,6,5,27
stu0591,F,2023,4,10,9,13,29
stu0592,M,2023,4,9,7,9,42
stu0593,M,2023,4,10,8,8,45
stu0594,F,2023,3,10,8,14,36
stu0595,F,2023,3,9,6,9,28
stu0596,M,2023,4,9,5,5,43
stu0597,F,2023,4,10,6,13,24
stu0598,F,2023,3,9,6,6,36
stu0599,F,2023,0,0,0,0,7
stu0600,F,2023,3,8,5,5,24
stu0601,F,2023,4,9,5,12,35
stu0602,M,2023,3,9,10,9,21
stu0603,F,2023,3,10,7,9,16
stu0604,M,2023,4,10,6,8,37
stu0605,M,2023,2,10,4,9,47
stu0606,M,2023,5,9,4,13,55
stu0607,F,2023,4,10,6,10,30
stu0608,F,2022,4,8,8,13,48
stu0609,F,2022,3,8,5,12,32
stu0610,F,2022,4,8,5,10,43
stu0611,F,2022,4,7,6,6,22
stu0612,F,2022,4,8,6,13,44
stu0613,F,2022,4,8,5,11,49
stu0614,M,2022,4,8,5,9,49
stu0615,M,2022,0,0,0,0,0
stu0616,F,2022,4,7,8,5,31
stu0617,F,2022,3,6,4,13,0
stu0618,M,2022,4,8,2,12,46
stu0619,M,2022,0,0,0,0,0
stu0620,F,2022,4,7,5,11,33
stu0621,M,2022,4,8,6,13,44
stu0622,F,2022,3,6,7,10,34
stu0623,F,2022,4,7,5,11,48
stu0624,F,2022,4,7,3,10,46
stu0625,M,2022,3,8,5,5,26
stu0626,F,2022,4,7,6,10,48
stu0627,M,2022,3,7,8,4,43
stu0628,F,2022,4,8,5,14,46
stu0629,F,2022,4,7,4,14,51
stu0630,F,2022,3,7,4,6,30
stu0631,F,2022,3,7,5,13,42
stu0632,F,2022,4,8,8,9,46
stu0633,M,2022,4,7,5,13,42
stu0634,M,2022,3,8,5,11,48
stu0635,F,2022,2,6,5,6,21
stu0636,F,2022,4,8,6,5,47
stu0637,F,2022,4,6,5,13,49
stu0638,F,2022,4,8,6,13,34
stu0639,F,2022,4,8,6,13,39
stu0640,F,2022,3,8,6,12,47
stu0641,F,2022,3,7,5,5,26
stu0642,F,2022,3,7,6,6,33
stu0643,F,2022,4,8,4,13,46
stu0644,F,2022,4,7,6,10,43
stu0645,F,2022,2,8,5,7,45
stu0646,F,2022,4,8,7,13,23
stu0647,F,2022,4,8,7,4,37
stu0648,F,2022,4,7,2,13,39
stu0649,F,2022,3,8,6,13,50
stu0650,F,2022,4,8,9,12,44
stu0651,F,2022,3,7,6,10,39
stu0652,F,2022,3,7,6,8,41
stu0653,F,2022,2,7,7,10,44
stu0654,F,2022,3,7,6,4,40
stu0655,F,2022,4,8,6,13,41
stu0656,F,2022,3,7,6,11,23
stu0657,F,2022,4,8,6,12,50
stu0658,F,2022,4,8,8,10,30
stu0659,M,2022,3,8,6,9,34
stu0660,M,2022,3,7,7,7,31
stu0661,M,2022,4,7,6,11,42
stu0662,M,2022,3,7,6,12,28
stu0663,F,2022,3,7,5,7,25
stu0664,F,2022,2,7,6,9,46
stu0665,M,2022,4,8,6,12,45
stu0666,F,2022,4,7,6,13,40
stu0667,M,2022,4,7,6,10,33
stu0668,F,2022,3,8,6,13,40
stu0669,F,2022,0,1,0,0,0
stu0670,M,2022,4,7,3,12,46
stu0671,F,2022,3,7,5,12,48
stu0672,F,2022,3,8,5,8,41
stu0673,F,2022,4,7,3,13,39
stu0674,F,2022,3,6,7,12,38
stu0675,F,2022,4,8,7,12,34
stu0676,M,2022,3,7,6,13,46
stu0677,M,2022,3,7,5,11,21
stu0678,M,2022,4,7,3,12,40
stu0679,F,2022,3,8,8,7,50
stu0680,M,2022,3,7,7,4,26
stu0681,M,2022,4,8,7,12,39
stu0682,M,2022,4,8,5,13,47
stu0683,F,2022,2,7,5,7,34
stu0684,F,2022,4,7,6,13,45
stu0685,F,2022,3,7,3,7,45
stu0686,F,2022,3,7,3,13,40
stu0687,F,2022,4,7,7,12,45
stu0688,F,2022,3,7,5,6,30
stu0689,F,2022,4,8,9,14,45
stu0690,F,2022,3,7,6,8,37
stu0691,F,2022,4,8,6,13,44
stu0692,F,2022,3,8,5,13,46
stu0693,F,2022,4,7,7,10,0
stu0694,F,2022,4,8,9,6,43
stu0695,F,2022,3,7,7,12,38
stu0696,F,2022,4,8,6,9,48
stu0697,F,2022,3,7,6,10,44
stu0698,M,2022,3,7,4,12,46
stu0699,F,2022,3,7,6,12,38
stu0700,F,2022,3,6,5,6,45
stu0701,M,2022,3,9,5,1,38
stu0702,F,2022,3,8,5,7,32
stu0703,F,2022,3,7,7,13,42
stu0704,F,2022,2,7,6,10,30
stu0705,M,2022,3,7,6,10,39
stu0706,M,2022,3,7,8,5,22
stu0707,M,2022,4,8,4,7,32
stu0708,M,2022,3,6,7,9,42
stu0709,F,2022,4,7,6,10,33
stu0710,F,2022,4,8,9,10,39
stu0711,M,2022,4,8,5,6,32
stu0712,M,2022,4,7,5,5,35
stu0713,M,2022,4,8,6,6,21
stu0714,M,2022,3,8,6,6,37
stu0715,M,2022,3,7,6,10,30
stu0716,M,2022,3,8,6,12,36
stu0717,M,2022,3,6,5,11,45
stu0718,M,2022,1,7,3,3,26
stu0719,M,2022,3,7,6,8,21
stu0720,M,2022,3,7,5,8,27
stu0721,M,2022,4,8,6,12,51
stu0722,M,2022,3,8,6,12,36
stu0723,M,2022,3,8,6,12,36
stu0724,M,2022,4,8,7,13,48
stu0725,M,2022,3,7,6,13,42
stu0726,M,2022,3,6,4,7,40
stu0727,M,2022,3,6,6,9,43
stu0728,M,2022,3,8,6,7,31
stu0729,M,2022,4,8,7,12,49
stu0730,M,2022,3,8,5,7,42
stu0731,M,2022,4,8,5,4,30
stu0732,M,2022,4,7,6,12,38
stu0733,M,2022,4,8,8,12,38
stu0734,M,2022,2,7,5,11,21
stu0735,M,2022,4,8,6,13,40
stu0736,F,2022,3,6,7,13,27
stu0737,M,2022,4,7,6,13,45
stu0738,M,2022,3,7,5,4,36
stu0739,F,2022,4,6,3,9,43
stu0740,F,2022,4,8,5,12,37
stu0741,F,2022,0,0,0,0,0
stu0742,F,2022,4,8,6,12,45
stu0743,M,2022,3,7,7,13,54
stu0744,F,2022,2,8,5,5,20
stu0745,M,2022,0,0,0,0,0
stu0746,M,2022,4,8,7,13,43
stu0747,M,2022,4,7,7,14,45
stu0748,F,2022,2,6,0,0,0
stu0749,F,2022,4,8,3,11,45
stu0750,M,2022,3,8,7,13,39
stu0751,M,2022,4,7,7,3,21
stu0752,F,2022,3,8,4,10,35
stu0753,M,2022,4,8,11,13,39
stu0754,M,2022,3,7,7,3,31
stu0755,F,2022,4,7,7,11,26
stu0756,F,2022,4,8,4,11,39
stu0757,F,2022,4,7,6,10,40
stu0758,M,2022,1,6,0,3,40
stu0759,F,2022,3,7,4,8,49
stu0760,M,2022,3,7,6,3,28
stu0761,F,2022,3,6,7,4,41
stu0762,M,2022,3,7,4,9,38
stu0763,M,2022,4,7,6,4,41
stu0764,M,2022,4,8,6,12,35
stu0765,M,2022,3,8,6,11,44
stu0766,M,2022,3,8,5,6,28
stu0767,M,2022,3,7,6,12,54
stu0768,F,2022,5,8,8,12,42
stu0769,F,2022,3,7,4,10,32
stu0770,F,2022,3,4,0,4,34
stu0771,F,2022,3,5,7,7,34
stu0772,F,2022,4,7,5,10,41
stu0773,F,2022,2,7,4,2,36
stu0774,F,2022,4,8,9,12,27
stu0775,F,2022,3,6,4,11,33
stu0776,M,2022,4,8,9,13,49
stu0777,F,2022,4,7,7,4,38
stu0778,F,2022,4,6,6,13,42
stu0779,M,2022,3,7,8,9,45
stu0780,F,2022,2,7,4,7,32
stu0781,F,2022,4,6,6,8,33
stu0782,M,2022,3,6,6,12,39
stu0783,M,2022,4,6,7,9,49
stu0784,F,2022,4,6,6,9,45
stu0785,M,2022,4,8,6,10,39
stu0786,M,2022,3,6,6,6,24
stu0787,M,2022,4,8,6,13,51
stu0788,M,2022,4,6,5,11,41
stu0789,M,2022,3,7,8,12,0
stu0790,F,2022,4,8,8,7,23
stu0791,F,2022,4,8,6,10,42
stu0792,M,2022,4,7,5,10,40
stu0793,M,2022,4,8,5,6,37
stu0794,M,2022,4,6,9,10,38
stu0795,M,2022,3,7,7,11,39
stu0796,F,2022,4,8,5,13,35
stu0797,F,2022,3,7,6,11,40
stu0798,M,2022,4,7,6,12,43
stu0799,F,2022,2,6,3,2,32
stu0800,F,2022,3,8,5,6,33
stu0801,F,2022,3,7,4,10,43
stu0802,M,2022,3,8,3,5,36
stu0803,M,2022,3,8,6,13,35
stu0804,F,2022,3,7,4,10,46
stu0805,M,2022,3,8,4,12,48
stu0806,M,2022,4,7,7,8,46
stu0807,M,2022,3,7,5,12,28
stu0808,F,2022,4,8,6,14,48
stu0809,F,2022,3,7,7,9,30
stu0810,M,2022,3,7,5,4,38
stu0811,F,2022,4,8,9,9,45
stu0812,F,2022,2,7,7,10,44
stu0813,F,2022,4,8,6,8,29
stu0814,F,2022,4,7,7,13,49
stu0815,F,2022,3,7,3,13,35
stu0816,M,2022,3,8,7,13,39
stu0817,F,2022,3,7,6,12,34
stu0818,M,2022,4,7,4,10,45
stu0819,M,2022,4,8,8,9,41
stu0820,M,2022,4,7,8,9,37
stu0821,F,2022,3,6,5,9,43
stu0822,F,2022,4,7,6,10,39
stu0823,F,2022,3,8,6,5,33
stu0824,M,2022,4,7,5,13,47
stu0825,M,2022,3,8,8,8,48
stu0826,M,2022,4,8,6,13,45
stu0827,F,2022,3,5,3,10,36
stu0828,F,2022,3,7,7,13,45
stu0829,F,2022,4,7,4,12,35
stu0830,F,2022,4,8,6,13,51
stu0831,M,2022,4,8,7,10,41
stu0832,F,2022,3,7,4,10,42
stu0833,F,2022,3,8,6,12,36
stu0834,F,2022,4,7,8,13,43
stu0835,F,2022,2,5,4,7,38
stu0836,F,2022,4,7,8,10,48
stu0837,M,2022,3,6,5,10,48
stu0838,F,2022,2,6,7,1,35
stu0839,F,2022,4,8,6,13,44
stu0840,M,2022,3,8,6,10,44
stu0841,F,2022,3,7,6,12,42
stu0842,F,2022,4,8,4,13,47
stu0843,M,2022,4,7,6,11,42
stu0844,M,2021,4,6,6,10,41
stu0845,F,2021,4,7,7,12,45
stu0846,M,2021,4,7,2,15,44
stu0847,M,2021,4,8,6,14,35
stu0848,F,2021,4,7,5,13,48
stu0849,F,2021,3,5,8,4,45
stu0850,F,2021,3,6,3,6,32
stu0851,M,2021,3,5,6,4,38
stu0852,M,2021,4,8,7,13,48
stu0853,M,2021,4,6,4,13,50
stu0854,F,2021,3,4,5,4,44
stu0855,M,2021,4,9,6,13,49
stu0856,F,2021,4,8,8,13,38
stu0857,M,2021,3,3,4,3,49
stu0858,M,2021,3,4,6,5,32
stu0859,F,2021,3,6,4,4,39
stu0860,F,2021,4,7,5,13,32
stu0861,M,2021,4,7,4,12,43
stu0862,F,2021,4,4,4,12,31
stu0863,F,2021,4,6,4,12,45
stu0864,M,2021,4,7,5,12,42
stu0865,M,2021,4,7,6,12,47
stu0866,M,2021,3,4,0,4,44
stu0867,M,2021,3,7,5,4,41
stu0868,M,2021,4,7,3,13,48
stu0869,M,2021,3,6,5,13,48
stu0870,F,2020,4,9,2,9,29
stu0871,F,2020,5,9,6,5,42
stu0872,F,2020,5,7,7,9,41
stu0873,F,2020,4,7,8,9,38
stu0874,F,2020,5,8,7,9,41
stu0875,F,2020,5,9,6,9,41
stu0876,F,2020,5,7,6,9,38
stu0877,F,2020,4,8,6,9,40
stu0878,M,2020,5,9,7,9,48
stu0879,M,2020,5,9,7,7,42
stu0880,M,2020,5,9,8,9,45
stu0881,M,2020,4,6,5,9,45
stu0882,M,2020,0,0,0,0,0
stu0883,M,2020,5,9,5,9,37
stu0884,F,2020,5,9,7,9,48
stu0885,F,2020,5,9,6,9,17
stu0886,M,2020,4,7,7,9,45
stu0887,M,2020,5,0,4,9,30
stu0888,F,2020,5,9,5,9,40
stu0889,F,2020,5,9,8,9,42
stu0890,F,2020,5,2,0,0,0
stu0891,M,2020,5,9,6,0,45
stu0892,M,2020,5,7,6,9,45
stu0893,M,2020,4,4,0,9,0
stu0894,M,2020,5,9,4,9,0
stu0895,F,2020,5,9,6,9,28
stu0896,M,2020,3,4,0,0,0
stu0897,F,2020,5,9,6,9,37
stu0898,M,2020,4,6,6,9,34
stu0899,F,2020,4,9,5,9,34
stu0900,M,2020,4,4,6,9,37
stu0901,M,2020,4,7,6,0,36
stu0902,F,2020,5,9,0,9,30
stu0903,M,2020,4,2,3,0,16
stu0904,F,2020,4,9,8,9,39
stu0905,F,2020,5,7,8,9,40
stu0906,M,2020,5,9,5,8,29
stu0907,M,2020,5,9,7,9,45
stu0908,F,2020,4,6,5,9,29
stu0909,F,2020,4,9,6,9,28
stu0910,F,2020,5,7,5,0,29
stu0911,M,2020,4,9,7,9,45
stu0912,M,2020,4,7,4,9,37
stu0913,M,2020,5,4,6,0,31
stu0914,F,2020,5,5,6,9,38
stu0915,M,2020,5,8,7,9,49
stu0916,M,2020,5,5,5,9,39
stu0917,F,2020,4,6,5,0,29
stu0918,M,2020,4,10,6,9,34
stu0919,M,2020,5,8,4,9,34
stu0920,M,2020,5,9,7,9,45
stu0921,F,2020,5,7,7,9,41
stu0922,F,2020,4,6,9,9,48
stu0923,M,2020,4,7,6,9,45
stu0924,F,2020,4,4,0,0,35
stu0925,M,2020,4,9,5,9,31
stu0926,M,2020,5,9,7,9,42
stu0927,F,2020,5,9,5,9,37
stu0928,M,2020,5,4,7,9,42
stu0929,F,2020,5,10,6,10,44
stu0930,M,2020,4,2,0,0,0
stu0931,M,2021,5,7,6,11,0
stu0932,M,2021,4,0,0,14,42
stu0933,M,2021,2,0,0,0,0
stu0934,M,2021,3,7,6,12,48
stu0935,M,2021,4,8,7,10,36
stu0936,F,2021,2,0,7,11,34
stu0937,F,2021,4,9,7,15,50
stu0938,M,2021,5,3,8,9,22
stu0939,M,2021,4,8,9,10,37
stu0940,F,2021,4,0,6,9,34
stu0941,M,2021,0,0,0,0,0
stu0942,F,2021,5,10,6,11,48
stu0943,F,2021,3,0,5,13,30
stu0944,F,2021,4,7,7,9,40
stu0945,M,2021,4,7,5,10,31
stu0946,M,2021,4,7,7,11,32
stu0947,F,2021,3,0,6,11,31
stu0948,M,2021,3,6,7,12,38
stu0949,F,2021,5,6,8,10,25
stu0950,F,2021,4,8,8,11,43
stu0951,F,2021,2,0,0,8,0
stu0952,F,2022,4,8,8,8,32
stu0953,F,2022,5,9,9,10,38
stu0954,F,2022,5,9,9,9,44
stu0955,F,2022,5,9,7,7,38
stu0956,F,2022,4,8,8,8,35
stu0957,M,2022,5,9,9,9,36
stu0958,F,2022,5,9,8,8,33
stu0959,M,2022,5,8,8,9,35
stu0960,M,2022,5,9,8,13,36
stu0961,M,2022,5,9,7,9,37
stu0962,M,2022,5,9,8,7,31
stu0963,M,2022,5,9,8,9,53
stu0964,M,2022,5,9,5,9,0
stu0965,F,2022,5,9,8,7,29
stu0966,F,2022,4,8,8,7,40
stu0967,F,2022,3,8,0,0,0
stu0968,M,2022,4,8,8,3,32
stu0969,F,2022,4,8,8,9,32
stu0970,F,2022,4,8,7,7,41
stu0971,F,2022,5,8,8,9,36
stu0972,F,2022,5,9,8,10,29
stu0973,F,2022,5,9,6,9,27
stu0974,M,2022,5,9,4,9,33
stu0975,F,2022,4,8,7,8,0
stu0976,M,2022,4,8,8,10,35
stu0977,M,2022,4,9,5,9,38
stu0978,M,2022,3,0,0,0,0
stu0979,F,2022,3,9,6,11,35
stu0980,F,2022,3,8,5,4,30
stu0981,M,2022,5,9,0,7,0
stu0982,F,2022,5,9,8,6,30
stu0983,M,2022,5,9,9,6,42
stu0984,M,2022,5,9,6,7,18
stu0985,M,2022,5,9,8,8,32
stu0986,M,2022,5,9,6,11,44
stu0987,M,2022,5,9,8,4,32
stu0988,M,2022,5,9,9,9,29
stu0989,M,2022,5,9,6,2,31
stu0990,F,2022,5,9,8,9,23
stu0991,M,2022,5,9,8,11,24
stu0992,F,2022,5,9,8,9,29
stu0993,M,2022,5,9,8,6,34
stu0994,M,2022,5,9,7,7,34
stu0995,F,2022,5,9,6,6,33
stu0996,F,2022,5,9,8,7,38
stu0997,F,2022,5,9,6,7,39
stu0998,F,2022,5,8,7,7,35
stu0999,F,2022,5,8,7,6,0
stu1000,F,2022,4,8,8,6,37
stu1001,F,2022,5,9,7,8,38
stu1002,M,2022,4,8,7,6,39
stu1003,F,2022,4,8,8,9,36
stu1004,M,2022,5,9,7,11,41
stu1005,M,2022,5,9,6,8,26
stu1006,F,2022,5,9,7,9,30
stu1007,F,2022,5,9,8,9,32
stu1008,M,2022,5,9,6,6,29
stu1009,M,2022,5,9,8,13,35
stu1010,M,2022,5,9,6,11,31
stu1011,M,2022,5,9,7,9,26
stu1012,M,2022,4,8,2,8,38
stu1013,M,2022,5,8,8,8,26
stu1014,M,2022,5,8,0,10,32
stu1015,M,2022,5,9,7,11,28
stu1016,M,2022,5,9,7,11,34
stu1017,M,2022,5,9,5,6,32
stu1018,M,2022,5,9,7,9,37
stu1019,M,2022,4,8,6,6,34
stu1020,M,2022,5,9,8,9,29
stu1021,M,2022,5,9,5,9,41
stu1022,M,2022,5,9,7,6,24
stu1023,F,2022,4,9,7,11,35
stu1024,F,2022,5,9,9,7,51
stu1025,M,2022,5,9,8,13,38
stu1026,F,2022,4,9,8,12,20
stu1027,F,2022,5,9,6,6,24
stu1028,M,2022,2,0,0,0,0
stu1029,F,2022,5,9,7,9,37
stu1030,F,2022,4,8,7,5,31
stu1031,F,2022,5,9,8,6,38
stu1032,F,2022,3,8,8,6,26
stu1033,F,2022,4,8,6,7,43
stu1034,M,2022,5,9,6,7,34
stu1035,M,2022,5,9,7,6,34
stu1036,F,2022,5,9,6,7,33
stu1037,F,2022,5,9,8,9,35
stu1038,M,2022,5,9,6,7,35
stu1039,F,2022,5,9,4,7,35
stu1040,F,2022,5,9,8,7,37
stu1041,M,2022,5,9,5,8,30
stu1042,F,2022,4,8,7,9,24
stu1043,M,2022,5,9,7,9,42
stu1044,F,2022,5,9,8,7,43
stu1045,M,2022,4,8,8,8,29
stu1046,F,2022,4,8,6,9,29
stu1047,M,2022,5,8,8,7,29
stu1048,F,2022,4,8,6,8,25
stu1049,M,2022,5,9,5,9,33
stu1050,F,2022,5,9,7,10,41
stu1051,M,2022,5,9,7,9,38
stu1052,M,2022,4,8,7,10,32
stu1053,F,2022,4,8,7,9,30
stu1054,F,2022,5,9,7,9,35
stu1055,M,2022,5,9,8,9,32
stu1056,F,2022,5,9,6,10,32
stu1057,M,2022,4,9,6,7,32
stu1058,F,2022,5,9,7,8,36
stu1059,F,2022,5,9,4,7,26
stu1060,F,2022,5,9,7,12,38
stu1061,M,2022,5,9,5,5,26
stu1062,M,2022,4,9,6,11,37
stu1063,M,2022,4,8,7,4,35
stu1064,F,2022,5,9,6,6,24
stu1065,F,2022,5,9,8,8,30
stu1066,M,2022,5,9,4,8,37
stu1067,M,2022,4,8,7,6,38
stu1068,M,2022,5,9,8,7,32
stu1069,M,2022,5,8,8,6,38
stu1070,M,2022,4,8,8,11,38
stu1071,M,2022,5,8,6,8,44
stu1072,F,2022,5,9,6,8,38
stu1073,F,2022,5,9,9,11,41
stu1074,M,2022,4,9,6,9,25
stu1075,M,2022,5,9,6,7,30
stu1076,M,2022,4,8,7,10,38
stu1077,M,2022,5,9,3,5,34
stu1078,M,2022,5,9,5,10,0
stu1079,F,2022,5,9,6,5,27
stu1080,F,2022,4,8,7,6,30
stu1081,F,2022,5,9,6,10,35
stu1082,M,2022,4,8,6,9,0
stu1083,M,2022,5,9,1,8,33
stu1084,M,2022,4,8,6,8,30
stu1085,M,2022,3,8,7,8,34
stu1086,M,2022,5,9,8,3,36
stu1087,M,2022,5,9,6,8,28
stu1088,M,2022,5,9,7,9,35
stu1089,M,2022,5,9,6,6,29
stu1090,M,2022,5,9,4,10,33
stu1091,M,2022,5,9,3,8,46
stu1092,M,2022,3,8,7,9,42
stu1093,M,2022,5,9,8,10,38
stu1094,M,2022,5,9,7,9,22
stu1095,F,2022,5,9,7,8,33
stu1096,F,2022,5,9,0,7,38
stu1097,F,2022,5,9,7,8,44
stu1098,M,2022,4,8,8,10,38
stu1099,F,2022,4,9,7,11,30
stu1100,M,2022,5,9,4,7,35
stu1101,M,2022,5,9,8,7,21
stu1102,M,2022,5,9,7,10,36
stu1103,M,2022,5,9,6,8,29
stu1104,M,2022,4,8,7,7,32
stu1105,F,2022,5,9,8,8,40
stu1106,M,2022,3,8,7,6,22
stu1107,F,2022,3,8,7,12,32
stu1108,F,2022,4,8,6,6,23
stu1109,F,2022,5,9,8,10,44
stu1110,F,2022,5,9,6,9,32
stu1111,M,2022,5,9,8,9,39
stu1112,F,2022,5,9,7,7,29
stu1113,M,2022,5,9,6,7,0
stu1114,M,2022,4,8,6,8,35
stu1115,F,2022,0,0,0,0,29
stu1116,M,2022,4,8,8,4,26
stu1117,M,2022,5,9,8,9,32
stu1118,M,2022,5,9,5,6,40
stu1119,M,2022,5,9,7,9,36
stu1120,M,2022,4,8,7,10,41
stu1121,M,2022,5,9,0,7,39
stu1122,M,2022,5,9,7,8,44
stu1123,F,2022,4,8,5,11,35
stu1124,F,2022,5,9,9,10,32
stu1125,F,2022,0,0,0,0,0
stu1126,M,2022,4,5,10,10,29
stu1127,F,2022,0,0,0,0,0
stu1128,M,2022,2,7,10,5,43
stu1129,M,2022,4,8,0,9,41
stu1130,M,2022,5,7,10,8,46
stu1131,M,2022,3,5,10,5,34
stu1132,M,2022,3,8,10,9,47
stu1133,M,2022,3,4,10,5,34
stu1134,F,2022,5,6,10,6,37
stu1135,M,2022,5,5,10,8,17
stu1136,F,2022,0,0,0,0,0
stu1137,F,2022,3,7,10,9,41
stu1138,M,2022,5,6,7,5,36
stu1139,F,2022,4,7,10,7,42
stu1140,M,2022,5,6,10,7,36
stu1141,F,2022,3,4,10,3,29
stu1142,F,2022,4,5,10,6,40
stu1143,F,2022,3,4,10,4,25
stu1144,M,2022,3,6,10,8,45
stu1145,M,2022,5,5,9,7,44
stu1146,F,2022,3,3,9,5,43
stu1147,M,2022,5,5,9,6,39
stu1148,F,2022,4,4,10,8,36
stu1149,M,2022,3,7,10,6,35
stu1150,M,2022,3,5,10,6,23
stu1151,M,2022,0,0,0,0,0
stu1152,M,2022,5,6,10,7,33
stu1153,F,2022,4,4,10,5,40
stu1154,M,2022,2,6,10,7,36
stu1155,F,2022,5,5,7,5,29
stu1156,F,2022,4,6,10,4,38
stu1157,M,2022,5,7,10,5,34
stu1158,F,2022,5,5,10,8,27
stu1159,F,2022,3,5,10,5,33
stu1160,F,2022,2,0,0,0,0
stu1161,M,2022,3,5,8,7,32
stu1162,M,2022,3,4,10,6,41
stu1163,M,2022,5,6,10,9,37
stu1164,M,2022,2,5,10,7,39
stu1165,M,2022,5,6,9,10,35
stu1166,F,2022,4,5,10,7,45
stu1167,F,2022,4,5,10,8,45
stu1168,M,2022,3,4,10,6,23
stu1169,F,2022,2,3,10,6,32
stu1170,M,2022,4,4,10,6,31
stu1171,M,2022,3,4,10,5,28
stu1172,F,2022,4,5,10,6,30
stu1173,F,2022,3,7,10,8,50
stu1174,M,2022,4,6,10,7,40
stu1175,M,2022,3,4,10,7,32
stu1176,M,2022,4,5,10,8,29
stu1177,M,2022,3,6,10,7,35
stu1178,M,2022,2,0,0,0,0
stu1179,F,2022,5,8,10,8,50
stu1180,F,2022,0,0,0,0,0
stu1181,F,2021,4,7,5,14,38
stu1182,M,2021,5,3,5,14,37
stu1183,M,2021,4,6,7,14,46
stu1184,F,2021,5,7,7,14,38
stu1185,M,2021,4,8,5,14,39
stu1186,F,2021,5,7,6,14,37
stu1187,F,2021,4,7,7,14,34
stu1188,F,2021,4,0,9,12,37
stu1189,F,2021,5,6,6,14,28
stu1190,M,2021,5,8,7,14,28
stu1191,F,2021,5,0,5,14,0
stu1192,M,2021,5,7,4,14,32
stu1193,F,2021,4,7,5,14,36
stu1194,M,2021,5,9,5,14,31
stu1195,F,2021,5,9,6,14,41
stu1196,M,2021,5,7,6,14,44
stu1197,F,2021,5,7,6,14,45
stu1198,M,2021,5,9,5,0,44
stu1199,M,2021,5,5,6,14,44
stu1200,F,2021,4,7,6,14,35
stu1201,M,2021,4,7,0,14,0
stu1202,M,2021,5,0,6,10,41
stu1203,M,2021,4,0,3,0,22
stu1204,M,2021,5,5,4,6,0
stu1205,F,2021,4,7,4,14,17
stu1206,F,2021,5,7,6,14,40
stu1207,F,2021,5,5,0,0,0
stu1208,F,2021,4,7,3,14,40
stu1209,F,2021,4,9,5,12,26
stu1210,F,2021,5,9,7,14,42
stu1211,F,2021,5,6,7,14,44
stu1212,M,2021,5,7,4,14,41
stu1213,F,2021,4,6,4,14,0
stu1214,F,2021,5,10,9,14,20
stu1215,M,2021,5,4,4,11,38
stu1216,F,2021,4,7,6,14,25
stu1217,F,2021,5,6,8,14,38
stu1218,F,2021,5,8,7,14,44
stu1219,F,2021,5,9,7,12,26
stu1220,F,2021,5,8,0,0,0
stu1221,M,2021,4,0,8,14,23
stu1222,M,2021,5,7,6,14,40
stu1223,M,2021,5,8,7,14,29
stu1224,M,2021,4,0,0,0,0
stu1225,F,2021,5,7,6,14,37
stu1226,F,2021,4,7,5,34,35
stu1227,M,2021,5,9,4,14,43
stu1228,M,2021,5,9,7,14,40
stu1229,F,2021,5,8,6,14,39
stu1230,F,2021,5,7,6,14,43
stu1231,F,2021,5,8,8,5,25
stu1232,M,2021,5,8,8,14,36
stu1233,M,2021,4,7,7,14,37
stu1234,F,2021,4,8,6,14,37
stu1235,M,2021,4,0,5,14,29
stu1236,M,2021,5,6,8,14,43
stu1237,F,2021,5,8,7,14,42
stu1238,M,2021,4,4,8,14,31
stu1239,M,2021,5,5,6,14,32
stu1240,F,2021,4,7,5,14,31
stu1241,M,2021,4,7,5,14,27
stu1242,F,2021,5,9,7,12,38
stu1243,F,2021,4,0,4,8,37
stu1244,F,2021,4,8,4,12,24
stu1245,F,2021,5,9,3,14,41
stu1246,F,2021,4,6,7,14,20
stu1247,F,2021,5,8,8,14,44
stu1248,F,2021,4,0,4,14,0
stu1249,F,2021,5,9,7,14,46
stu1250,F,2021,5,7,7,14,44
stu1251,M,2021,5,7,7,14,18
stu1252,F,2021,5,9,4,14,41
stu1253,F,2021,5,6,5,14,38
stu1254,M,2021,4,0,7,14,26
stu1255,F,2021,5,8,5,12,44
stu1256,M,2021,5,9,8,14,43
stu1257,F,2021,4,0,0,14,0
stu1258,M,2021,5,4,7,12,32
stu1259,M,2021,5,8,5,4,40
stu1260,M,2021,5,8,6,14,35
stu1261,F,2021,5,7,6,14,43
stu1262,F,2021,5,6,5,14,38
stu1263,M,2021,5,8,7,14,0
stu1264,F,2021,4,5,7,14,23
stu1265,F,2021,5,6,4,0,0
stu1266,M,2021,4,5,6,14,35
stu1267,M,2021,4,7,7,14,41
stu1268,M,2021,5,7,5,14,0
stu1269,M,2021,4,7,7,11,28
stu1270,M,2021,5,8,7,12,40
stu1271,M,2021,5,7,5,11,38
stu1272,M,2021,5,6,7,0,38
stu1273,M,2021,4,10,6,14,40
stu1274,M,2021,5,7,9,12,0
stu1275,M,2021,5,7,6,14,41
stu1276,M,2021,5,6,4,14,41
stu1277,M,2021,5,9,8,14,43
stu1278,M,2021,5,8,5,12,28
stu1279,M,2021,5,0,5,10,26
stu1280,F,2021,4,0,0,0,0
stu1281,M,2021,5,7,5,14,41
stu1282,M,2021,5,0,4,0,0
stu1283,F,2021,4,6,3,14,25
stu1284,M,2021,5,7,7,14,38
stu1285,M,2021,4,8,8,14,40
stu1286,M,2021,4,5,5,12,33
stu1287,F,2021,5,7,6,14,34
stu1288,F,2021,4,7,4,14,26
stu1289,M,2021,4,9,7,14,40
stu1290,M,2021,5,9,5,14,35
stu1291,M,2021,5,5,5,12,29
stu1292,M,2021,4,7,7,14,39
stu1293,F,2021,4,0,0,0,0
stu1294,F,2021,5,5,7,14,26
stu1295,M,2021,4,5,6,14,28
stu1296,F,2021,5,8,6,14,40
stu1297,M,2021,4,7,6,14,30
stu1298,M,2021,5,6,7,14,29
stu1299,F,2021,4,0,7,12,38
stu1300,F,2021,5,8,6,14,43
stu1301,M,2021,5,6,8,14,35
stu1302,M,2021,4,7,6,14,0
stu1303,M,2021,5,6,5,14,0
stu1304,M,2021,5,7,7,14,23
stu1305,M,2021,5,9,5,14,46
stu1306,M,2021,5,7,6,12,32
stu1307,F,2021,5,6,6,12,42
stu1308,F,2021,4,0,0,0,26
stu1309,F,2021,4,8,6,14,33
stu1310,M,2021,5,6,7,14,34
stu1311,F,2021,5,9,6,14,37
stu1312,M,2021,4,7,7,14,30
stu1313,M,2021,5,6,8,14,34
stu1314,F,2021,4,9,6,14,34
stu1315,F,2021,5,9,4,14,30
stu1316,M,2021,5,7,7,12,31
stu1317,M,2021,5,8,7,5,35
stu1318,M,2021,4,5,4,14,38
stu1319,M,2021,5,5,8,9,34
stu1320,M,2021,5,9,7,14,35
stu1321,M,2021,4,7,0,14,0
stu1322,F,2021,4,6,6,12,40
stu1323,M,2021,4,8,5,12,33
stu1324,M,2021,5,6,7,11,43
stu1325,M,2021,5,9,4,14,43
stu1326,F,2021,5,6,6,14,36
stu1327,M,2021,5,7,8,14,38
stu1328,M,2021,5,7,7,14,38
stu1329,M,2021,5,6,5,14,38
stu1330,F,2021,4,0,0,14,34
stu1331,F,2021,4,5,0,0,23
stu1332,F,2021,4,8,5,14,40
stu1333,F,2021,5,7,6,11,35
stu1334,M,2021,4,0,5,0,0
stu1335,M,2021,5,9,6,14,37
stu1336,M,2021,5,6,7,14,38
stu1337,M,2021,5,10,9,14,43
stu1338,M,2021,5,5,5,14,26
stu1339,F,2021,4,8,4,14,35
stu1340,M,2021,5,8,7,14,43
stu1341,M,2021,5,8,7,14,38
stu1342,F,2021,5,5,5,14,27
stu1343,F,2021,5,8,5,14,43
stu1344,F,2021,5,8,6,14,44
stu1345,M,2021,5,8,5,5,44
stu1346,F,2021,4,5,8,14,40
stu1347,F,2021,5,0,0,0,0
stu1348,M,2021,5,7,7,14,38
stu1349,M,2021,5,8,5,14,28
stu1350,F,2021,5,8,6,14,40
stu1351,M,2021,5,0,6,14,35
stu1352,M,2021,4,8,8,14,28
stu1353,F,2021,5,7,6,2,41
stu1354,M,2021,4,0,0,0,0
stu1355,M,2021,4,5,0,14,29
stu1356,F,2021,5,10,3,14,41
stu1357,M,2021,5,9,8,14,34
stu1358,M,2021,5,6,7,14,40
stu1359,F,2021,5,9,6,14,34
stu1360,M,2021,4,5,4,14,0
stu1361,M,2021,5,9,0,0,0
stu1362,F,2021,5,7,6,14,41
stu1363,M,2021,5,8,5,5,33
stu1364,M,2021,4,0,0,0,0
stu1365,M,2021,4,0,0,0,0
stu1366,M,2021,5,9,6,14,37
stu1367,M,2021,5,8,6,12,40
stu1368,M,2021,4,0,0,0,0
stu1369,M,2021,5,6,6,14,39
stu1370,F,2021,5,7,6,14,35
stu1371,M,2021,5,7,7,14,27
stu1372,F,2021,5,8,3,14,36
stu1373,F,2021,5,8,7,14,37
stu1374,M,2021,5,8,4,12,28
stu1375,F,2021,4,8,7,14,40
stu1376,M,2021,4,6,6,14,34
stu1377,M,2021,4,5,5,14,23
stu1378,M,2021,4,8,5,14,37
stu1379,F,2021,5,9,4,14,35
stu1380,F,2021,4,0,0,0,0
stu1381,M,2021,4,8,6,14,34
stu1382,F,2021,4,7,4,14,34
stu1383,F,2021,4,9,5,14,34
stu1384,F,2021,5,9,5,12,34
stu1385,M,2021,5,8,6,14,27
stu1386,F,2021,5,9,7,14,43
stu1387,M,2021,5,7,5,12,0
stu1388,F,2021,5,8,3,14,31
stu1389,M,2021,5,6,8,5,27
stu1390,F,2021,5,2,5,0,35
stu1391,M,2021,5,8,6,14,33
stu1392,M,2021,5,8,4,14,35
stu1393,F,2021,5,8,5,14,49
stu1394,F,2021,5,7,5,14,41
stu1395,F,2021,5,7,5,14,40
stu1396,F,2021,5,10,5,14,37
stu1397,F,2021,5,7,5,0,0
stu1398,F,2021,4,6,4,14,31
stu1399,M,2021,4,7,6,14,34
stu1400,F,2020,4,5,8,14,31
stu1401,F,2020,5,8,9,11,32
stu1402,F,2020,4,5,7,14,31
stu1403,M,2020,3,10,10,11,34
stu1404,M,2020,3,9,10,15,0
stu1405,M,2020,3,8,9,12,34
stu1406,F,2020,3,6,4,13,33
stu1407,M,2020,2,0,0,0,0
stu1408,F,2020,4,10,6,13,36
stu1409,F,2020,4,10,9,14,0
stu1410,F,2020,4,4,5,10,31
stu1411,M,2020,2,7,10,14,0
stu1412,F,2020,5,8,8,11,31
stu1413,M,2020,3,5,7,14,0
stu1414,F,2020,3,8,9,14,37
stu1415,F,2020,2,6,8,14,19
stu1416,F,2020,2,6,6,11,0
stu1417,F,2020,4,7,8,11,37
stu1418,F,2020,2,5,8,12,0
stu1419,F,2020,2,6,7,13,22
stu1420,F,2020,4,9,8,6,33
stu1421,M,2020,5,5,10,9,35
stu1422,M,2020,3,5,7,10,34
stu1423,F,2020,5,10,5,11,34
stu1424,M,2020,5,9,9,9,35
stu1425,F,2020,5,7,8,14,33
stu1426,M,2020,2,9,10,12,0
stu1427,M,2020,2,5,10,6,32
stu1428,F,2020,5,10,5,10,36
stu1429,M,2020,2,6,6,15,0
stu1430,M,2020,5,7,8,16,26
stu1431,F,2020,3,8,10,9,28
stu1432,F,2020,4,7,8,15,38
stu1433,M,2020,4,9,8,5,32
stu1434,F,2020,4,7,10,14,29
stu1435,F,2020,3,8,7,9,32
stu1436,M,2020,4,9,8,8,33
stu1437,F,2020,2,7,8,9,23
stu1438,M,2020,4,7,9,15,29
stu1439,F,2020,4,7,10,11,34
stu1440,F,2020,5,6,10,15,31
stu1441,F,2020,5,7,10,11,31
stu1442,F,2020,5,5,10,15,34
stu1443,M,2020,5,9,10,11,33
stu1444,F,2020,3,8,10,11,26
stu1445,F,2020,5,10,9,4,32
stu1446,F,2020,3,10,6,5,35
stu1447,F,2020,5,10,5,9,37
stu1448,M,2020,5,9,9,12,33
stu1449,F,2020,4,7,9,6,34
stu1450,F,2020,4,7,8,9,33
stu1451,M,2020,4,6,7,15,32
stu1452,F,2020,4,9,7,10,34
stu1453,F,2020,4,8,10,12,28
stu1454,M,2020,2,5,6,15,0
stu1455,M,2020,4,10,10,14,0
stu1456,M,2020,4,8,9,13,37
stu1457,M,2020,4,6,8,10,32
stu1458,M,2020,4,8,8,13,31
stu1459,M,2020,3,7,7,15,27
stu1460,M,2020,4,9,6,7,34
stu1461,M,2020,4,8,7,11,36
stu1462,M,2020,2,7,6,14,0
stu1463,F,2020,3,7,7,10,29
stu1464,M,2020,3,8,5,9,32
stu1465,F,2020,3,9,8,10,24
stu1466,F,2020,3,9,8,3,28
stu1467,M,2020,3,8,9,11,33
stu1468,F,2020,3,10,10,7,23
stu1469,F,2020,2,7,7,12,28
stu1470,M,2020,3,9,10,13,32
stu1471,M,2020,3,6,7,13,31
stu1472,M,2020,2,7,8,11,0
stu1473,M,2020,5,10,9,12,36
stu1474,M,2020,5,8,8,10,32
stu1475,M,2020,5,6,7,10,35
stu1476,F,2020,5,9,8,8,36
stu1477,F,2020,5,5,7,10,33
stu1478,M,2020,2,4,8,12,34
stu1479,M,2020,5,4,9,2,32
stu1480,F,2020,5,10,9,10,36
stu1481,F,2020,5,9,9,10,39
stu1482,F,2020,2,10,5,14,26
stu1483,M,2020,5,10,7,9,29
stu1484,M,2020,4,10,6,14,34
stu1485,M,2020,3,7,7,9,33
stu1486,F,2020,3,7,8,7,28
stu1487,M,2020,4,10,7,15,31
stu1488,M,2020,4,10,7,12,31
stu1489,M,2020,4,10,8,10,32
stu1490,F,2020,3,8,9,11,24
stu1491,M,2020,4,9,8,11,37
stu1492,M,2020,4,8,10,14,33
stu1493,M,2020,2,9,8,11,0
stu1494,M,2020,2,8,6,14,0
stu1495,M,2020,2,9,8,11,0
stu1496,M,2020,5,9,9,3,38
stu1497,F,2020,5,8,10,8,37
stu1498,M,2020,2,8,7,13,0
stu1499,M,2020,2,8,7,15,0
stu1500,M,2020,5,8,9,10,32
stu1501,M,2020,2,9,8,8,0
stu1502,F,2020,3,8,8,15,34
stu1503,F,2020,3,9,9,6,34
stu1504,F,2020,3,6,8,11,36
stu1505,F,2020,3,7,9,11,32
stu1506,F,2020,3,4,8,9,35
stu1507,F,2020,3,5,9,11,38
stu1508,F,2020,3,8,9,15,21
stu1509,M,2020,3,7,9,3,28
stu1510,F,2020,2,7,7,7,32
stu1511,M,2020,2,6,8,14,33
stu1512,F,2020,2,8,7,11,0
stu1513,M,2020,5,8,8,11,30
stu1514,M,2020,5,7,9,15,36
stu1515,M,2020,3,9,9,5,32
stu1516,M,2020,2,9,8,8,32
stu1517,M,2020,5,10,7,1,0
stu1518,M,2020,5,5,9,11,29
stu1519,M,2020,3,9,10,12,25
stu1520,M,2020,2,10,10,11,36
stu1521,F,2020,2,6,9,11,30
stu1522,F,2020,2,7,8,10,36
stu1523,M,2020,5,7,8,7,33
stu1524,F,2020,3,7,7,15,25
stu1525,M,2020,5,8,7,11,34
stu1526,F,2020,5,8,8,9,36
stu1527,F,2020,5,6,7,15,39
stu1528,F,2020,5,7,8,4,33
stu1529,F,2020,5,6,8,13,28
stu1530,M,2020,2,7,9,14,0
stu1531,M,2020,5,9,10,12,35
stu1532,M,2020,5,7,8,12,36
stu1533,M,2020,5,8,7,14,37
stu1534,M,2020,2,9,8,11,0
stu1535,F,2020,5,7,9,14,37
stu1536,M,2020,5,8,8,2,34
stu1537,F,2020,5,8,9,8,33
stu1538,F,2020,5,9,9,5,30
stu1539,F,2020,4,9,8,9,33
stu1540,F,2020,2,8,7,11,0
stu1541,F,2020,4,7,7,15,36
stu1542,M,2020,2,8,10,14,0
stu1543,M,2020,4,7,9,10,34
stu1544,F,2020,4,6,9,14,34
stu1545,F,2020,2,6,8,10,34
stu1546,F,2020,5,7,9,10,35
stu1547,M,2022,5,9,5,14,42
stu1548,M,2022,3,5,7,12,39
stu1549,F,2022,5,7,5,13,45
stu1550,M,2023,3,9,8,9,44
stu1551,M,2023,5,6,6,11,41
stu1552,F,2023,4,8,7,10,38
stu1553,F,2023,5,7,7,9,46
stu1554,F,2023,4,8,6,10,44
stu1555,F,2023,4,7,7,13,31
stu1556,M,2023,4,6,7,11,41
stu1557,F,2023,4,5,6,8,26
stu1558,F,2023,3,7,6,9,34
stu1559,F,2023,3,8,6,10,35
stu1560,M,2023,2,6,8,7,23
stu1561,F,2023,5,7,7,11,43
stu1562,M,2023,3,9,8,14,43
stu1563,F,2023,4,7,8,10,54
stu1564,M,2023,5,9,9,15,42
stu1565,M,2023,4,7,7,11,33
stu1566,M,2023,3,9,9,0,40
stu1567,M,2023,4,8,7,13,38
stu1568,F,2023,4,6,7,10,35
stu1569,F,2023,5,6,7,9,40
stu1570,F,2023,2,8,8,11,40
stu1571,M,2023,3,8,9,14,45
stu1572,M,2023,2,6,7,0,30
stu1573,M,2023,4,8,4,10,35
stu1574,M,2023,4,9,9,14,42
stu1575,F,2023,4,7,8,14,34
stu1576,F,2023,3,8,6,9,37
stu1577,M,2023,5,9,9,11,41
stu1578,F,2023,5,6,7,10,41
stu1579,M,2023,3,6,8,11,45
stu1580,F,2023,1,0,0,3,35
stu1581,M,2023,2,8,6,8,53
stu1582,F,2023,4,5,6,7,36
stu1583,F,2023,5,7,8,13,45
stu1584,M,2023,1,8,6,0,39
stu1585,F,2023,3,6,5,8,36
stu1586,F,2023,5,10,9,14,45
stu1587,F,2023,5,5,6,7,45
stu1588,F,2023,3,7,9,10,34
stu1589,F,2023,4,8,6,10,38
stu1590,F,2023,5,6,6,11,45
stu1591,F,2023,4,7,7,14,32
stu1592,F,2023,4,9,7,11,49
stu1593,F,2023,5,8,8,12,43
stu1594,F,2023,2,7,9,10,41
stu1595,F,2023,3,7,9,14,35
stu1596,F,2023,3,8,6,10,27
stu1597,M,2023,3,7,6,6,37
stu1598,F,2023,4,5,7,5,33
stu1599,F,2023,4,8,7,7,25
stu1600,M,2023,4,6,5,10,34
stu1601,M,2023,2,6,6,13,30
stu1602,F,2023,5,7,7,10,40
stu1603,M,2023,3,8,7,12,39
stu1604,M,2023,3,5,8,14,35
stu1605,M,2023,4,6,5,9,29
stu1606,M,2023,5,7,9,14,46
stu1607,M,2023,4,9,9,14,44
stu1608,F,2023,4,5,7,9,42
stu1609,F,2023,2,7,8,11,32
stu1610,F,2023,4,6,7,14,40
stu1611,M,2023,0,6,6,10,32
stu1612,F,2023,5,7,7,9,32
stu1613,M,2023,5,9,9,14,2
stu1614,F,2023,5,8,8,12,51
stu1615,F,2023,5,8,8,12,50
stu1616,F,2023,4,7,7,10,32
stu1617,F,2023,5,7,7,7,33
stu1618,F,2023,5,9,9,14,39
stu1619,F,2023,4,6,6,15,34
stu1620,F,2023,5,8,6,15,36
stu1621,F,2023,4,8,9,14,45
stu1622,M,2023,4,7,8,8,49
stu1623,F,2023,4,6,7,10,47
stu1624,F,2023,4,8,7,10,44
stu1625,F,2023,2,0,0,0,2
stu1626,F,2023,5,7,6,11,35
stu1627,M,2023,4,7,6,12,44
stu1628,M,2023,4,4,9,10,33
stu1629,F,2023,5,6,6,10,29
stu1630,F,2023,5,5,6,11,39
stu1631,F,2023,4,6,7,15,39
stu1632,F,2023,2,9,8,14,33
stu1633,F,2023,4,8,9,12,36
stu1634,F,2023,3,6,8,8,40
stu1635,F,2023,4,7,6,13,50
stu1636,F,2023,4,6,7,12,39
stu1637,F,2023,3,7,8,7,40
stu1638,F,2023,3,5,5,5,36
stu1639,F,2023,2,7,7,12,41
stu1640,F,2023,5,7,8,14,33
stu1641,F,2023,5,7,7,10,40
stu1642,F,2023,5,7,6,10,35
stu1643,M,2023,4,6,6,10,40
stu1644,M,2023,4,7,6,9,36
stu1645,F,2023,5,7,8,10,32
stu1646,M,2023,5,5,8,12,38
stu1647,F,2023,3,8,7,14,36
stu1648,M,2023,4,7,8,9,41
stu1649,M,2023,2,6,7,11,37
stu1650,M,2023,1,4,6,8,39
stu1651,M,2023,4,8,6,10,35
stu1652,F,2023,3,7,7,11,37
stu1653,M,2023,2,7,7,0,23
stu1654,M,2023,5,9,7,10,42
stu1655,M,2023,5,7,8,10,34
stu1656,M,2023,3,6,7,11,26
stu1657,M,2023,4,8,9,14,46
stu1658,M,2023,2,6,6,11,43
stu1659,M,2023,3,8,8,10,38
stu1660,M,2023,3,4,8,0,29
stu1661,M,2023,1,5,7,8,29
stu1662,M,2023,3,5,7,9,37
stu1663,M,2023,4,7,8,12,39
stu1664,M,2023,4,7,6,14,40
stu1665,M,2023,5,7,8,14,47
stu1666,M,2023,4,7,6,8,39
stu1667,M,2023,5,9,9,14,53
stu1668,F,2023,4,8,6,10,50
stu1669,M,2023,2,7,8,14,35
stu1670,F,2023,4,8,9,13,48
stu1671,M,2023,1,0,8,14,27
stu1672,M,2023,5,8,7,12,44
stu1673,M,2023,1,6,7,14,35
stu1674,M,2023,5,8,6,10,38
stu1675,F,2023,5,7,8,11,51
stu1676,M,2023,5,9,8,13,46
stu1677,M,2023,4,7,7,10,33
stu1678,M,2023,5,7,8,14,37
stu1679,F,2023,3,5,6,11,35
stu1680,M,2023,5,8,8,14,50
stu1681,M,2023,4,8,7,13,51
stu1682,M,2023,5,7,9,13,43
stu1683,M,2023,3,9,8,14,55
stu1684,M,2023,4,6,6,11,33
stu1685,M,2023,5,8,7,12,38
stu1686,M,2023,2,6,7,12,41
stu1687,F,2023,5,7,7,12,39
stu1688,M,2023,4,6,7,8,31
stu1689,M,2023,4,9,9,14,46
stu1690,F,2023,5,9,7,12,46
stu1691,F,2023,3,6,6,11,42
stu1692,F,2023,4,8,7,13,42
stu1693,F,2023,3,8,8,13,36
stu1694,F,2023,4,7,7,9,43
stu1695,F,2023,2,6,0,10,36
stu1696,F,2023,3,7,0,10,40
stu1697,F,2023,5,7,7,11,25
stu1698,M,2023,4,8,6,11,46
stu1699,F,2023,3,6,7,8,38
stu1700,M,2023,3,7,7,10,35
stu1701,M,2023,1,7,7,0,2
stu1702,F,2023,4,6,6,12,25
stu1703,M,2023,4,7,6,11,42
stu1704,M,2023,4,8,8,10,43
stu1705,F,2023,4,9,8,14,49
stu1706,M,2023,2,7,8,14,38
stu1707,M,2023,5,9,7,14,44
stu1708,M,2023,5,8,9,12,44
stu1709,M,2023,5,8,8,12,37
stu1710,M,2023,1,7,6,0,45
stu1711,M,2023,1,7,7,11,33
stu1712,M,2023,4,5,7,10,38
stu1713,M,2023,5,5,5,8,34
stu1714,F,2023,2,8,8,14,39
stu1715,F,2023,1,4,6,10,23
stu1716,M,2023,4,4,6,11,40
stu1717,M,2023,4,8,8,11,32
stu1718,M,2023,3,8,8,14,49
stu1719,M,2023,4,8,8,13,38
stu1720,M,2023,4,7,7,14,39
stu1721,F,2023,5,8,9,13,50
stu1722,M,2023,4,8,7,15,36
stu1723,F,2023,3,6,3,7,31
stu1724,F,2023,2,7,6,12,47
stu1725,M,2023,3,5,6,8,36
stu1726,F,2023,4,7,9,14,55
stu1727,M,2023,5,10,8,14,45
stu1728,M,2023,4,10,8,9,47
stu1729,M,2023,2,5,8,12,42
stu1730,F,2023,4,7,5,11,36
stu1731,M,2023,4,5,6,6,25
stu1732,M,2023,3,8,0,10,40
stu1733,M,2023,5,8,7,11,41
stu1734,F,2023,3,6,6,8,29
stu1735,M,2023,5,9,9,15,47
stu1736,M,2023,3,8,7,11,48
stu1737,F,2023,2,7,3,11,30
stu1738,F,2023,3,6,3,8,31
stu1739,M,2023,4,8,6,8,39
stu1740,M,2023,4,7,7,12,38
stu1741,M,2023,5,8,9,11,46
stu1742,M,2023,4,6,8,9,36
stu1743,F,2023,2,7,7,10,30
stu1744,F,2023,4,7,8,10,37
stu1745,M,2023,3,8,8,13,36
stu1746,M,2023,3,7,7,12,34
stu1747,M,2023,4,8,7,13,35
stu1748,M,2023,5,7,7,14,49
stu1749,M,2023,1,7,7,12,38
stu1750,M,2023,4,8,9,15,52
stu1751,M,2023,5,8,6,10,42
stu1752,M,2023,5,8,9,15,42
stu1753,F,2023,4,7,7,11,42
stu1754,M,2023,5,9,8,11,43
stu1755,M,2023,5,8,7,12,30
stu1756,M,2023,3,6,3,11,37
stu1757,M,2023,4,7,7,10,44
stu1758,F,2023,5,7,5,8,35
stu1759,M,2023,1,7,4,0,32
stu1760,F,2023,5,7,8,9,34
stu1761,F,2023,4,8,8,14,41
stu1762,M,2023,4,7,6,13,39
stu1763,M,2023,5,8,7,11,42
stu1764,F,2023,5,8,8,9,34
stu1765,F,2023,4,9,8,14,48
stu1766,M,2023,5,7,6,5,37
stu1767,F,2023,5,6,7,10,45
stu1768,M,2023,4,9,9,13,55
stu1769,M,2023,4,8,8,14,43
stu1770,M,2023,3,8,8,11,37
stu1771,M,2023,3,8,8,12,46
stu1772,F,2023,2,5,8,6,29
stu1773,F,2023,3,6,7,11,34
stu1774,M,2023,1,6,0,0,27
stu1775,F,2023,3,8,7,12,42
stu1776,F,2023,2,5,7,7,18
stu1777,F,2023,5,6,3,9,39
stu1778,F,2023,2,9,8,11,47
stu1779,F,2023,5,7,7,11,30
stu1780,F,2023,5,4,6,10,35
stu1781,F,2023,5,6,6,12,42
stu1782,M,2023,5,9,7,13,37
stu1783,M,2023,4,9,8,12,34
stu1784,F,2023,5,7,8,11,43
stu1785,F,2023,2,0,6,9,23
stu1786,F,2023,4,8,7,13,40
stu1787,F,2023,5,4,7,8,27
stu1788,F,2023,3,7,5,9,26
stu1789,M,2023,5,9,9,15,47
stu1790,M,2023,3,9,6,10,37
stu1791,M,2023,5,8,8,12,43
stu1792,F,2023,5,8,7,9,33
stu1793,F,2023,4,8,6,9,39
stu1794,M,2023,5,9,7,12,55
stu1795,M,2023,5,6,6,10,44
stu1796,F,2023,3,7,8,14,33
stu1797,F,2023,2,7,7,10,36
stu1798,M,2023,5,6,6,14,47
stu1799,M,2023,5,7,6,11,46
stu1800,F,2023,5,7,6,8,36
stu1801,F,2023,5,7,7,10,33
stu1802,M,2023,4,10,8,15,55
stu1803,M,2021,4,4,12,5,24
stu1804,M,2021,3,3,18,7,42
stu1805,M,2021,5,5,17,9,42
stu1806,M,2021,5,4,18,10,40
stu1807,M,2021,3,4,17,5,25
stu1808,M,2021,2,3,17,7,22
stu1809,M,2021,5,2,10,5,24
stu1810,F,2021,5,4,12,10,40
stu1811,M,2021,5,4,11,9,22
stu1812,M,2021,5,4,10,9,21
stu1813,M,2021,5,4,8,8,25
stu1814,M,2021,5,5,12,9,14
stu1815,F,2022,5,7,7,11,36
stu1816,M,2022,3,0,0,0,28
stu1817,M,2022,5,7,8,7,35
stu1818,M,2022,5,9,9,14,31
stu1819,F,2022,5,9,6,12,20
stu1820,F,2022,5,9,6,12,31
stu1821,M,2022,5,7,5,8,33
stu1822,M,2022,4,9,8,13,42
stu1823,M,2022,5,8,8,12,33
stu1824,M,2022,3,0,0,7,0
stu1825,F,2022,4,8,9,12,41
stu1826,F,2022,5,8,4,8,26
stu1827,F,2022,4,9,9,14,33
stu1828,M,2022,4,9,8,10,37
stu1829,M,2022,4,9,9,14,26
stu1830,F,2022,5,8,8,10,29
stu1831,F,2022,5,8,7,8,34
stu1832,M,2022,4,10,9,13,41
stu1833,M,2022,5,1,6,10,24
stu1834,M,2022,5,7,9,9,36
stu1835,F,2022,5,7,8,8,32
stu1836,F,2022,5,7,4,0,27
stu1837,F,2022,5,6,8,8,34
stu1838,F,2022,5,6,9,11,26
stu1839,F,2022,5,6,7,10,29
stu1840,F,2022,5,7,0,9,26
stu1841,F,2022,5,7,6,11,32
stu1842,F,2022,5,9,7,14,26
stu1843,F,2022,4,9,9,14,42
stu1844,F,2022,5,6,6,8,34
stu1845,F,2022,2,7,8,13,49
stu1846,M,2022,3,0,0,11,0
stu1847,F,2022,5,5,7,7,37
stu1848,F,2022,4,9,9,14,39
stu1849,F,2022,5,6,10,13,35
stu1850,F,2022,5,9,7,14,36
stu1851,F,2022,5,9,8,15,31
stu1852,M,2022,4,9,8,14,41
stu1853,F,2022,5,7,5,9,0
stu1854,M,2022,5,6,7,8,29
stu1855,M,2022,5,9,5,11,32
stu1856,F,2022,5,6,0,9,26
stu1857,F,2022,5,7,8,7,35
stu1858,F,2022,5,6,8,11,38
stu1859,F,2022,5,7,8,9,37
stu1860,F,2022,5,8,9,13,38
stu1861,M,2022,5,0,7,9,29
stu1862,M,2022,5,7,4,15,28
stu1863,F,2022,5,6,4,8,32
stu1864,M,2022,5,6,8,10,29
stu1865,F,2022,5,7,9,14,26
stu1866,F,2022,5,8,7,11,32
stu1867,F,2022,5,8,8,8,37
stu1868,F,2022,5,6,9,11,36
stu1869,F,2022,0,0,0,0,0
stu1870,F,2022,4,9,7,13,51
stu1871,M,2022,3,9,9,14,44
stu1872,F,2022,5,8,8,10,33
stu1873,F,2022,5,8,8,8,35
stu1874,F,2022,5,8,8,13,33
stu1875,F,2022,5,8,8,8,39
stu1876,M,2022,4,9,8,12,44
stu1877,F,2022,4,8,7,13,55
stu1878,F,2022,5,7,8,8,35
stu1879,F,2022,5,7,8,8,27
stu1880,M,2022,5,7,7,10,36
stu1881,F,2022,5,8,8,7,35
stu1882,M,2022,5,7,6,8,32
stu1883,M,2022,4,9,9,12,41
stu1884,M,2022,5,0,7,11,29
stu1885,M,2022,3,0,0,9,0
stu1886,M,2022,5,3,8,10,39
stu1887,M,2022,5,7,8,10,31
stu1888,M,2022,5,7,7,9,22
stu1889,F,2022,5,9,8,0,20
stu1890,F,2022,5,9,8,10,38
stu1891,M,2022,5,8,9,8,38
stu1892,M,2022,5,9,7,13,38
stu1893,M,2022,5,10,8,14,29
stu1894,M,2022,5,10,8,14,32
stu1895,M,2022,5,9,8,13,44
stu1896,M,2022,5,8,6,7,24
stu1897,F,2022,5,7,8,10,42
stu1898,M,2022,5,6,8,13,31
stu1899,M,2022,5,7,9,9,29
stu1900,F,2022,5,0,10,10,30
stu1901,M,2022,5,7,7,11,44
stu1902,M,2022,5,7,4,6,31
stu1903,M,2022,5,4,7,11,42
stu1904,F,2022,5,10,9,14,41
stu1905,M,2022,5,9,0,9,30
stu1906,M,2022,5,10,9,13,46
stu1907,M,2022,5,8,9,11,36
stu1908,M,2022,5,5,7,14,28
stu1909,M,2022,5,9,8,9,32
stu1910,M,2022,5,9,5,13,31
stu1911,M,2022,5,9,8,14,47
stu1912,M,2022,5,10,9,14,34
stu1913,M,2022,5,7,6,8,35
stu1914,M,2022,5,8,8,12,41
stu1915,M,2022,5,9,9,13,51
stu1916,F,2022,5,7,7,9,28
stu1917,F,2022,5,9,7,7,25
stu1918,F,2022,5,8,7,11,37
stu1919,F,2022,5,0,4,7,25
stu1920,M,2022,4,8,8,13,41
stu1921,M,2022,5,6,7,9,29
stu1922,M,2022,5,7,9,11,37
stu1923,F,2022,5,9,8,11,36
stu1924,M,2022,5,5,7,10,29
stu1925,F,2022,4,10,6,10,44
stu1926,F,2022,5,5,0,9,29
stu1927,M,2022,5,9,7,10,36
stu1928,F,2022,5,8,9,11,25
stu1929,F,2022,5,7,7,9,23
stu1930,M,2022,5,8,5,10,48
stu1931,F,2022,5,8,7,10,47
stu1932,F,2022,5,9,9,10,35
stu1933,M,2022,5,6,8,13,34
stu1934,F,2022,5,7,9,10,45
stu1935,F,2022,5,6,7,13,44
stu1936,M,2022,5,9,8,9,34
stu1937,F,2022,5,7,7,9,30
stu1938,M,2022,5,8,7,6,31
stu1939,M,2022,5,7,6,10,32
stu1940,M,2022,5,0,4,10,0
stu1941,M,2022,5,10,8,11,32
stu1942,F,2022,5,7,8,10,26
stu1943,F,2022,5,3,7,8,23
stu1944,F,2022,5,7,7,6,32
stu1945,M,2022,5,8,9,7,36
stu1946,M,2022,5,9,7,12,22
stu1947,F,2022,5,7,6,9,21
stu1948,F,2022,5,9,6,6,39
stu1949,M,2022,5,10,6,12,41
stu1950,F,2022,5,7,7,12,34
stu1951,F,2022,5,0,9,11,26
stu1952,M,2022,4,8,9,13,40
stu1953,M,2022,5,9,9,13,31
stu1954,M,2022,5,7,9,10,41
stu1955,F,2022,5,7,9,12,32
stu1956,M,2022,5,9,8,11,32
stu1957,F,2022,5,6,5,0,0
stu1958,F,2022,5,9,8,13,32
stu1959,F,2022,5,4,8,8,26
stu1960,M,2022,5,7,8,11,24
stu1961,F,2022,5,7,8,11,30
stu1962,M,2022,5,7,9,14,41
stu1963,F,2022,5,9,6,10,25
stu1964,M,2022,4,9,7,10,44
stu1965,M,2022,5,9,8,12,33
stu1966,F,2022,5,7,0,9,32
stu1967,M,2022,5,8,10,13,35
stu1968,M,2022,5,7,7,10,21
stu1969,M,2022,5,9,0,10,41
stu1970,F,2022,5,9,10,11,44
stu1971,M,2022,5,7,8,12,42
stu1972,M,2022,5,6,6,7,0
stu1973,M,2022,5,9,7,8,27
stu1974,M,2022,5,5,8,10,23
stu1975,F,2022,5,8,7,10,20
stu1976,F,2022,5,0,9,4,27
stu1977,M,2022,5,9,9,12,28
stu1978,M,2022,5,0,8,12,43
stu1979,M,2022,5,9,8,11,37
stu1980,F,2022,5,5,7,9,34
stu1981,M,2022,5,7,7,11,28
stu1982,M,2022,5,6,7,7,30
stu1983,F,2022,5,8,7,9,29
stu1984,F,2022,5,9,7,13,38
stu1985,F,2022,5,8,9,14,50
stu1986,M,2022,5,7,7,14,40
stu1987,F,2022,5,9,8,13,41
stu1988,F,2022,4,7,8,11,44
stu1989,M,2022,5,6,6,9,26
stu1990,M,2022,5,6,7,9,35
stu1991,M,2022,5,8,7,9,24
stu1992,M,2022,5,9,8,11,44
stu1993,M,2022,5,8,7,7,47
stu1994,M,2022,5,7,9,11,38
stu1995,F,2022,5,8,7,12,31
stu1996,M,2022,4,8,7,10,35
stu1997,M,2022,5,8,9,7,32
stu1998,F,2022,5,6,6,11,30
stu1999,F,2022,5,8,0,13,34
stu2000,F,2022,5,7,8,8,40
stu2001,F,2022,4,7,9,9,45
stu2002,M,2022,5,9,7,13,38
stu2003,M,2022,5,9,8,10,41
stu2004,F,2022,5,8,7,9,29
stu2005,M,2022,5,9,9,11,30
stu2006,F,2022,5,9,8,13,48
stu2007,F,2022,5,7,7,11,26
stu2008,F,2022,5,6,8,10,0
stu2009,M,2022,5,7,8,8,0
stu2010,M,2022,5,7,8,8,33
stu2011,M,2022,5,8,8,8,26
stu2012,F,2022,5,6,7,11,35
stu2013,F,2022,5,7,6,9,34
stu2014,F,2022,5,7,7,8,29
stu2015,F,2022,5,7,7,10,37
stu2016,F,2022,5,6,8,9,23
stu2017,F,2022,5,8,6,10,31
stu2018,M,2022,5,9,9,14,44
stu2019,F,2022,5,10,9,14,44
stu2020,F,2022,5,9,10,13,39
stu2021,M,2022,5,7,8,11,39
stu2022,M,2022,5,10,9,14,35
stu2023,F,2022,5,7,6,0,46
stu2024,M,2022,5,9,0,11,40
stu2025,M,2022,4,8,9,12,41
stu2026,F,2022,5,7,5,11,28
stu2027,M,2022,5,8,7,11,38
